No,Word,Sentence
1,maximize,plan your time to maximize learning.
2,significance,education has great significance.
3,obstacle,fear can be an obstacle to success.
4,exonerate,evidence may exonerate the suspect.
5,vertical,draw a vertical line on the paper.
6,procedure,follow the procedure step by step.
7,raspberry,the raspberry tastes sweet and fresh.
8,manipulate,images can manipulate opinions.
9,erroneous,the report contains erroneous data.
10,smudge,a smudge of ink stains the paper.
11,miscellaneous,the box contains miscellaneous items.
12,fibrous,vegetables are fibrous and healthy.
13,acquisition,language learning is an acquisition process.
14,adolescent,an adolescent learns to make good choices.
15,tragedy,the story tells a great tragedy.
16,concurrent,the events happened at concurrent times.
17,plaintiff,the plaintiff spoke clearly in court.
18,conscientious,she is conscientious about homework.
19,wheeze,he may wheeze during heavy exercise.
20,poignancy,the farewell was full of poignancy.
21,paralyze,fear can paralyze clear thinking.
22,lieutenant,the lieutenant gives clear instructions.
23,clique,a small clique formed at school.
24,migration,birds migrate during winter.
25,chandelier,a chandelier lights the hall.
26,labyrinth,the maze felt like a labyrinth.
27,pronunciation,correct pronunciation helps clear communication.
28,infrastructure,roads are part of public infrastructure.
29,psychology,psychology studies human thoughts and behavior.
30,abandon,never abandon your goals when learning is hard.
31,biographical,the book gives biographical details.
32,adolescence,adolescence is a time of growth and change.
33,respite,rest provides a short respite.
34,implement,schools implement new learning methods.
35,misdemeanor,littering is a minor misdemeanor.
36,cemetery,the cemetery is kept clean and quiet.
37,bouquet,she received a bouquet of flowers.
38,meticulous,she is meticulous with her work.
39,accommodate,hotels accommodate many travelers.
40,misbehaved,the child apologized for misbehaved actions.
41,accompanied,the child is accompanied by a teacher.
42,acquiesce,he chose to acquiesce to the rules.
43,vigorously,she shakes the bottle vigorously.
44,hygiene,good hygiene keeps us healthy.
45,escalator,stand still on the escalator.
46,legibly,students should write legibly.
47,grievance,he reports his grievance politely.
48,abstain,some students abstain from sweets.
49,qualified,she is qualified for the leadership role.
50,gymnasium,students gather in the gymnasium.
51,fiery,the sunset shows a fiery red color.
52,nuisance,loud noise can be a nuisance.
53,personality,kindness is part of her personality.
54,acquaintance,he greets an old acquaintance.
55,magnitude,the earthquake had great magnitude.
56,conceivable,improvement is conceivable with effort.
57,acres,the farm covers many acres of land.
58,murmur,a soft murmur fills the room.
59,catastrophe,the flood was a natural catastrophe.
60,idiosyncrasy,his laugh is a charming idiosyncrasy.
61,berserk,he went berserk with excitement at the game.
62,mileage,the car has high mileage.
63,ordinarily,maintenance staff ordinarily clean up the litter
64,biannual,the school holds a biannual festival.
65,movement,exercise improves body movement.
66,grotesque,the mask has a grotesque appearance.
67,sieve,use a sieve to separate the grains.
68,salient,focus on the salient points.
69,threatening,dark clouds look threatening in the sky.
70,absolutely,she absolutely believes in honesty.
71,pheasant,a pheasant walks quietly through the field.
72,mischievous,the mischievous child hides the keys.
73,proportion,mix the paint in correct proportion.
74,negligible,the cost increase is negligible.
75,accurate,accurate answers show careful thinking.
76,plausible,his explanation sounds plausible.
77,reprimand,the teacher gives a calm reprimand.
78,popular,reading is popular among curious students.
79,seethe,he began to seethe with anger.
80,sandwich,she packs a sandwich for lunch.
81,justifiable,self-defense can be justifiable.
82,luxurious,the hotel offers a luxurious stay.
83,frivolous,frivolous spending can cause problems.
84,reservoir,the reservoir stores drinking water.
85,absorb,plants absorb water through their roots.
86,chrysanthemum,the garden blooms with chrysanthemum flowers.
87,violation,breaking rules is a violation.
88,excessive,excessive noise can disturb learning.
89,legitimate,her concerns are legitimate.
90,grammatically,the sentence is grammatically correct.
91,melodious,birds sing in a melodious tone.
92,media,media can influence opinions.
93,ignorance,education reduces ignorance.
94,logistics,logistics ensure supplies arrive on time.
95,bravado,his bravado hid nervousness.
96,various,the shop sells various items.
97,metropolitan,the metropolitan area is very crowded.
98,permeate,the smell can permeate the room.
99,valuable,time is a valuable resource.
100,bureau,the desk is placed near the bureau.
101,judicious,make judicious choices in life.
102,privilege,education is a privilege we should value.
103,feasible,the plan seems feasible.
104,liquidation,the company enters liquidation after losses.
105,specific,please give a specific answer.
106,lucrative,teaching can be rewarding but not always lucrative.
107,accustomed,she is accustomed to early mornings.
108,resigned,he resigned after careful consideration.
109,receiving,she is receiving praise for her effort.
110,fiasco,the event turned into a planning fiasco.
111,circumference,measure the circumference of the circle.
112,reinforce,practice helps reinforce memory.
113,personification,the poem uses personification to give nature human traits.
114,soliloquy,the actor performed a powerful soliloquy on stage.
115,sincerity,sincerity builds trust between people.
116,mesmerize,the magician can mesmerize the audience.
117,discernible,the pattern is barely discernible.
118,tolerate,we should tolerate different opinions.
119,recipe,the recipe explains how to cook the dish.
120,spasmodic,his spasmodic movements showed nervousness.
121,rational,she makes a rational decision.
122,achievement,winning the contest is an achievement.
123,rotten,rotten food should not be eaten.
124,identify,students identify key ideas in the text.
125,notoriety,the scandal brought notoriety.
126,sustainable,we must use resources in a sustainable way.
127,fluctuate,prices may fluctuate over time.
128,dilemma,she faces a difficult dilemma.
129,unfortunately,unfortunately, we do not have the time to sleep
130,equilibrium,balance keeps the body in equilibrium.
131,persevere,successful learners persevere through challenges.
132,legislation,legislation protects citizens’ rights.
133,impropriety,the official denied any impropriety.
134,citadel,the citadel protected the ancient city.
135,chasm,a wide chasm split the land.
136,characteristic,kindness is her best characteristic.
137,reasonable,his request is fair and reasonable.
138,bimonthly,the club meets bimonthly.
139,perceived,the risk is perceived differently by people.
140,onomatopoeia,buzz is an example of onomatopoeia.
141,capricious,the capricious climate surprises farmers.
142,innovation,technology drives innovation in education.
143,guarantee,practice can guarantee improvement.
144,chameleon,a chameleon changes color to hide.
145,recruit,the team plans to recruit new members.
146,besieged,the town was besieged during the war.
147,benevolent,a benevolent act can change lives.
148,receipt,keep the receipt after buying goods.
149,pneumonia,pneumonia affects the lungs seriously.
150,miniature,the museum displays a miniature model.
151,chaperone,a parent will chaperone the school trip.
152,deterrent,strict rules act as a deterrent.
153,foster,teachers foster curiosity in students.
154,maneuver,the pilot makes a careful maneuver.
155,securing,securing doors keeps the building safe.
156,panic,do not panic when facing a difficult question.
157,diagnosis,the doctor gives a clear diagnosis.
158,incandescent,the incandescent bulb glowed warmly.
159,glamorous,the actress looks glamorous on stage.
160,gruesome,the story described a gruesome scene.
161,camouflage,insects use camouflage to survive.
162,transferring,transferring files requires attention.
163,obedient,obedient students follow rules.
164,meteor,a meteor lights up the night sky.
165,malicious,spreading lies is a malicious act.
166,university,she dreams of studying at a university.
167,ambiguous,the instructions are ambiguous and unclear.
168,sincerely,he sincerely apologizes for the mistake.
169,lunar,astronauts study the lunar surface.
170,blasphemous,the comment was considered blasphemous.
171,framework,the lesson provides a clear framework.
172,acoustics,the hall has good acoustics.
173,preliminary,this is only a preliminary result.
174,smile,a smile can brighten someone’s day.
175,animosity,animosity can destroy friendships.
176,statistics,statistics help explain data clearly.
177,absence,absence from school should be explained.
178,victim,the victim receives help quickly.
179,objective,every project has a clear objective.
180,vehicle,the vehicle stops at the crossing.
181,transmitted,signals are transmitted through wires.
182,scenery,the mountain scenery looks beautiful.
183,existence,clean water is essential for human existence.
184,incentive,rewards act as an incentive to learn.
185,optimize,good habits optimize performance.
186,management,good management helps a team succeed.
187,incessant,the incessant noise disturbed sleep.
188,disbursement,the office delays fund disbursement.
189,recommend,teachers recommend reading every day.
190,situation,she handles the situation calmly.
191,affiliation,her affiliation with the group is public.
192,liaison,she serves as a liaison between teams.
193,secretary,the secretary organizes important files.
194,chauffeur,the chauffeur drives the guests safely.
195,chronic,stress can cause chronic illness.
196,scourge,pollution is a modern scourge.
197,extremity,frostbite can damage fingers and other extremities.
198,perseverance,perseverance leads to success.
199,abundant,food is abundant after the harvest.
200,nurture,teachers nurture young minds.
201,stationary,the car remains stationary at the light.
202,extricate,firefighters extricate people from danger.
203,palatable,the healthy meal was palatable.
204,auxiliary,auxiliary staff assist the main team.
205,solemn,the ceremony was quiet and solemn.
206,precipitation,snow is a form of precipitation.
207,traitor,the tale warns against becoming a traitor.
208,expunge,mistakes should be corrected
209,escapade,the trip became a fun escapade.
210,souvenir,she keeps a souvenir from her trip.
211,gorgeous,the garden looks gorgeous in spring.
212,uniform,students wear a uniform to school.
213,impasse,the negotiation reached an impasse.
214,reddest,this apple is the reddest of all.
215,accessible,the library is accessible to all students.
216,rococo,the palace has rococo decorations.
217,hierarchy,the organization has a clear hierarchy.
218,pandemonium,the crowd fell into pandemonium.
219,envious,he feels envious of her success.
220,confiscate,teachers may confiscate unsafe items.
221,malady,the doctor treats the rare malady.
222,persuade,good arguments can persuade people to change.
223,isolation,isolation can affect mental health.
224,collateral,the bank asks for collateral.
225,accomplishment,finishing the book is a great accomplishment.
226,voyage,the ship begins a long voyage.
227,scarcity,water scarcity affects many regions.
228,malignant,malignant cells grow uncontrollably.
229,frostbitten,his frostbitten fingers needed medical care.
230,evacuation,evacuation saves lives during danger.
231,accumulate,dust can accumulate quickly.
232,phenomenon,a rainbow is a natural phenomenon.
233,puny,the puny plant needs more sunlight.
234,fortify,the wall is built to fortify the city.
235,resilience,resilience helps people recover from hardship.
236,collaborate,students collaborate on the project.
237,generosity,generosity helps build strong communities.
238,lustrous,her hair looks lustrous and healthy.
239,vicious,the vicious storm damaged houses.
240,colonel,the colonel leads the soldiers.
241,scuttle,the mouse began to scuttle away.
242,acquittal,the jury announced the acquittal calmly.
243,mortgage,they pay the mortgage every month.
244,cocoon,the butterfly grows inside a cocoon.
245,abbreviation,an abbreviation shortens a long word.
246,flamboyant,the dancer wears a flamboyant costume.
247,formidable,the mountain looks formidable to climbers.
248,panicked,she panicked briefly but then stayed calm.
249,consciousness,meditation improves consciousness and focus.
250,prominence,education gives reading great prominence.
251,minimize,we should minimize waste.
252,vacillate,do not vacillate when making important decisions.
253,changeable,the weather is changeable this season.
254,luncheon,the school hosts a formal luncheon.
255,retrieve,please retrieve the lost book.
256,espionage,espionage threatens national security.
257,phantom,the child imagined a phantom in the dark room.
258,belligerent,the belligerent tone caused conflict.
259,playwright,the playwright wrote a famous drama.
260,morale,teamwork improves morale.
261,ambassador,the ambassador promotes peace between nations.
262,ordinary,reading can turn ordinary days into adventures.
263,transferred,she was transferred to another school.
264,dialogue,the story includes meaningful dialogue.
265,version,this book has a new version.
266,spacious,the classroom feels spacious and bright.
267,integrity,integrity means doing the right thing.
268,wilderness,animals live freely in the wilderness.
269,hypothesis,the experiment tests a new hypothesis.
270,inevitable,mistakes are inevitable when learning.
271,retaliate,violence should never be used to retaliate.
272,visualize,visualize success before the test.
273,paradox,the story presents an interesting paradox.
274,mechanism,the clock uses a simple mechanism.
275,restaurant,the family eats dinner at a restaurant.
276,caricature,the artist draws a funny caricature.
277,epidemic,the epidemic spreads quickly.
278,chastise,teachers should not chastise unfairly.
279,penitentiary,the criminal is sent to a penitentiary.
280,slumber,deep slumber helps the body recover.
281,exhilarated,she feels exhilarated after winning.
282,paralysis,paralysis affects the ability to move muscles.
283,recognition,hard work deserves recognition.
284,barometer,a barometer measures air pressure.
285,havoc,the storm caused havoc in the village.
286,colleague,she greets her colleague politely.
287,desolate,the desert looks dry and desolate.
288,apparatus,the scientist prepared the apparatus carefully.
289,harass,we must never harass others.
290,subscription,he has a subscription to a science magazine.
291,altercation,the argument became a loud altercation.
292,forgery,forgery is a serious crime.
293,intervene,teachers intervene to stop bullying.
294,mercenary,he fights as a mercenary for money.
295,futile,arguing without listening is futile.
296,fiscal,the school plans its fiscal budget.
297,mitigate,safety rules mitigate risks.
298,skeptical,he is skeptical about false information.
299,longevity,exercise supports longevity and health.
300,unnecessary,shouting is unnecessary in class.
